Title,Iframe URL,Logo
Moto X3M 2,games/Moto X3M 2,blank.png
Kindergarten,games/Kindergarten,blank.png
Fruit Ninja,games/Fruit Ninja,blank.png
Jelly Restaurant,games/Jelly Restaurant,blank.png
Melon Playground,games/Melon Playground,blank.png
Soundboard,games/Soundboard,blank.png
Kindergarten 3,games/Kindergarten 3,blank.png
Minecraft 1.8.8,games/Minecraft 1.8.8,blank.png
Tunnel Rush,games/Tunnel Rush,blank.png
Moto X3M Winter,games/Moto X3M Winter,blank.png
Coreball,games/Coreball,blank.png
Raft Wars,games/Raft Wars,blank.png
Minecraft Beta 1.7.3,games/Minecraft Beta 1.7.3,blank.png
Kindergarten 2,games/Kindergarten 2,blank.png
Run 1,games/Run 1,blank.png
Gobble,games/Gobble,blank.png
Raft Wars 2,games/Raft Wars 2,blank.png
Moto X3M 3,games/Moto X3M 3,blank.png
Minecraft 1.12.2,games/Minecraft 1.12.2,blank.png
Tag,games/Tag,blank.png
Moto X3M Pool Party,games/Moto X3M Pool Party,blank.png
Flappy Bird,games/Flappy Bird,blank.png
Monster Tracks,games/Monster Tracks,blank.png
Fork n Sausage,games/Fork n Sausage,blank.png
House of Hazards,games/House of Hazards,blank.png
State.io,games/State.io,blank.png
Duck Life 4,games/Duck Life 4,blank.png
FIFA 11,games/FIFA 11,blank.png
Minecraft Beta 1.3,games/Minecraft Beta 1.3,blank.png
Duck Life 8,games/Duck Life 8,blank.png
Going Balls,games/Going Balls,blank.png
Spiral Roll,games/Spiral Roll,blank.png
Pou,games/Pou,blank.png
Duck Life,games/Duck Life,blank.png
Learn to Fly,games/Learn to Fly,blank.png
Duck Life 5,games/Duck Life 5,blank.png
Magic Tiles 3,games/Magic Tiles 3,blank.png
Raft Wars (1),games/Raft Wars (1),blank.png
Minecraft Alpha 1.2.6,games/Minecraft Alpha 1.2.6,blank.png
Slowroads,games/Slowroads,blank.png
Moto X3M,games/Moto X3M,blank.png
Minecraft 1.5.2,games/Minecraft 1.5.2,blank.png
Duck Life 2,games/Duck Life 2,blank.png
Doodle Jump,games/Doodle Jump,blank.png
Moto X3M Spooky,games/Moto X3M Spooky,blank.png
Run 2,games/Run 2,blank.png
Rooftop Snipers 2,games/Rooftop Snipers 2,blank.png
Run 3,games/Run 3,blank.png
Minecraft 1.21.4,games/Minecraft 1.21.4,blank.png
Learn to Fly 2,games/Learn to Fly 2,blank.png
Elastic Man,games/Elastic Man,blank.png
Duck Life 3,games/Duck Life 3,blank.png
Tomb Of The Mask,games/Tomb Of The Mask,blank.png
