name,filename
Sweet Talk (Lukas Got Lucky Remix) (Instrumental Version)   Tyra Chantey,music/Sweet Talk (Lukas Got Lucky Remix) (Instrumental Version) - Tyra Chantey.mp3
Just a Feeling (Instrumental Version)   Windshield,music/Just a Feeling (Instrumental Version) - Windshield.mp3
Asteroid (Instrumental Version)   Maybe,music/Asteroid (Instrumental Version) - Maybe.mp3
Bonita   Andre Aguado,music/Bonita - Andre Aguado.mp3
Droplets   Phello,music/Droplets - Phello.mp3
I'm Not Made for This   T Shirts & Sweats,music/I'm Not Made for This - T-Shirts & Sweats.mp3
Fanfarorama   Ritchie Everett (1),music/Fanfarorama - Ritchie Everett (1).mp3
Floorkiller (Mha Iri Rework)   Xack,music/Floorkiller (Mha Iri Rework) - Xack.mp3
Luxe (Saoirse Remix)   Saoirse,music/Luxe (Saoirse Remix) - Saoirse.mp3
Picturesque   Dusty Decks,music/Picturesque - Dusty Decks.mp3
Kali Kush (Switch  Remix)   Switch,music/Kali Kush (Switch  Remix) - Switch.mp3
Carefree Morning   Rebecca Mardal,music/Carefree Morning - Rebecca Mardal.mp3
Let's Go!   Speedy The Spider,music/Let's Go! - Speedy The Spider.mp3
Fanfarorama   Ritchie Everett,music/Fanfarorama - Ritchie Everett.mp3
Morning Breeze   Ryan James Carr,music/Morning Breeze - Ryan James Carr.mp3
Lunar Drift   HATAMITSUNAMI,music/Lunar Drift - HATAMITSUNAMI.mp3
Blue   Of Water,music/Blue - Of Water.mp3
Cafe de Paris   Eva Hummingbird,music/Cafe de Paris - Eva Hummingbird.mp3
Vacation Barry   Jobii,music/Vacation Barry - Jobii.mp3
Who Are You   Zorro,music/Who Are You - Zorro.mp3
Sin Permiso   AURA STELLA,music/Sin Permiso - AURA STELLA.mp3
Pigmented   Dye O,music/Pigmented - Dye O.mp3
Now or Never   Mizlo,music/Now or Never - Mizlo.mp3
Open Roads   Aiyo,music/Open Roads - Aiyo.mp3
Echo   Bonsaye,music/Echo - Bonsaye.mp3
Forgotten   AGST,music/Forgotten - AGST.mp3
Silver Rain   Megan Wofford,music/Silver Rain - Megan Wofford.mp3
Call Me   Duckmaw,music/Call Me - Duckmaw.mp3
Breaking Walls   Erik Fernholm,music/Breaking Walls - Erik Fernholm.mp3
Soft Focus   Rebecca Mardal,music/Soft Focus - Rebecca Mardal.mp3
Umbele (Honey Dijon Remix) (Instrumental Version)   Ooyy,music/Umbele (Honey Dijon Remix) (Instrumental Version) - Ooyy.mp3
Del Boca Vista   Ritchie Everett,music/Del Boca Vista - Ritchie Everett.mp3
Lunar Drift   HATAMITSUNAMI (1),music/Lunar Drift - HATAMITSUNAMI (1).mp3
Geneve   Andre Aguado,music/Geneve - Andre Aguado.mp3
Almost Baked   John Runefelt,music/Almost Baked - John Runefelt.mp3
ABDUCTION   BLUE STEEL,music/ABDUCTION - BLUE STEEL.mp3
Crescent Nomad   HATAMITSUNAMI,music/Crescent Nomad - HATAMITSUNAMI.mp3
BROKEN   dreem,music/BROKEN - dreem.mp3
Dry   Will Harrison,music/Dry - Will Harrison.mp3
Galanthus   Duckmaw,music/Galanthus - Duckmaw.mp3
Axilla   The Foundling,music/Axilla - The Foundling.mp3
Radar Focus   Blue Saga,music/Radar Focus - Blue Saga.mp3
Mirage   HATAMITSUNAMI,music/Mirage - HATAMITSUNAMI.mp3
Endless   Cushy,music/Endless - Cushy.mp3
Selfless   dvine,music/Selfless - dvine.mp3
